{"parameters": 123587328, "optimized_parameters": 123587328, "_timestamp": 1731240924.6182268, "_runtime": 24586.41036581993, "_step": 1126, "iter": 45000, "val/loss": 3.1213884353637695, "val/perplexity": 22.677796901361113, "val/acc": 0.42604735493659973, "train/loss": 3.0262341499328613, "train/perplexity": 20.619394517836678, "lr": 0.0, "iter_dt": 0.535014503, "final-val/loss": 3.084796667098999, "final-val/perplexity": 21.862975552968546, "final-val/acc": 0.43143579363822937, "_wandb": {"runtime": 24584}}