{"parameters": 123587328, "optimized_parameters": 123587328, "_timestamp": 1731242702.4300246, "_runtime": 24671.62326860428, "_step": 1126, "iter": 45000, "val/loss": 3.1002912521362305, "val/perplexity": 22.20437111829228, "val/acc": 0.4289526343345642, "train/loss": 3.0080273151397705, "train/perplexity": 20.247377758942925, "lr": 0.0, "iter_dt": 0.542199519, "final-val/loss": 3.0657243728637695, "final-val/perplexity": 21.449949921213463, "final-val/acc": 0.43375423550605774, "_wandb": {"runtime": 24670}}